id,title
1022602,KEV 2022: halffabricaat scenario provincie Provincie Drenthe (DR)
1022603,KEV 2022: halffabricaat scenario provincie Provincie Flevoland (FL)
1022604,KEV 2022: halffabricaat scenario provincie Provincie Fryslan (FR)
1022605,KEV 2022: halffabricaat scenario provincie Provincie Gelderland (GD)
1022606,KEV 2022: halffabricaat scenario provincie Provincie Groningen (GR)
1022607,KEV 2022: halffabricaat scenario provincie Provincie Limburg (LB)
1022608,KEV 2022: halffabricaat scenario provincie Provincie Noord-Brabant (NB)
1022609,KEV 2022: halffabricaat scenario provincie Provincie Noord-Holland (NH)
1022610,KEV 2022: halffabricaat scenario provincie Provincie Overijssel (OV)
1022611,KEV 2022: halffabricaat scenario provincie Provincie Utrecht (UT)
1022612,KEV 2022: halffabricaat scenario provincie Provincie Zeeland (ZL)
1022613,KEV 2022: halffabricaat scenario provincie Provincie Zuid-Holland (ZH)